{
  "threshold_source": "validation_f2",
  "selected_on_validation": {
    "threshold": 29.0,
    "accuracy": 0.8547794117647058,
    "precision_dropout": 0.76171875,
    "recall_dropout": 0.9154929577464789,
    "f1_dropout": 0.8315565031982942,
    "f2_dropout": 0.8799638989169675,
    "specificity": 0.8157099697885196,
    "balanced_accuracy": 0.8656014637674992,
    "roc_auc": 0.9197551877225084,
    "pr_auc": 0.8745214095353941,
    "confusion_matrix": [
      [
        270,
        61
      ],
      [
        18,
        195
      ]
    ]
  },
  "test": {
    "threshold": 29.0,
    "accuracy": 0.8311926605504587,
    "precision_dropout": 0.7531380753138075,
    "recall_dropout": 0.8450704225352113,
    "f1_dropout": 0.7964601769911505,
    "f2_dropout": 0.8249312557286893,
    "specificity": 0.822289156626506,
    "balanced_accuracy": 0.8336797895808586,
    "roc_auc": 0.9099213756434188,
    "pr_auc": 0.8695031425624009,
    "confusion_matrix": [
      [
        273,
        59
      ],
      [
        33,
        180
      ]
    ]
  },
  "bootstrap_95_ci": {
    "accuracy": {
      "lower": 0.7981651376146789,
      "upper": 0.8623853211009175
    },
    "precision_dropout": {
      "lower": 0.7120472616539272,
      "upper": 0.7974868025202929
    },
    "recall_dropout": {
      "lower": 0.7887323943661971,
      "upper": 0.892018779342723
    },
    "f1_dropout": {
      "lower": 0.7566197270590034,
      "upper": 0.8322617071237343
    },
    "f2_dropout": {
      "lower": 0.7783527030556281,
      "upper": 0.8638025594149908
    },
    "specificity": {
      "lower": 0.7831325301204819,
      "upper": 0.8614457831325302
    },
    "balanced_accuracy": {
      "lower": 0.7989777773064087,
      "upper": 0.8643515965269528
    },
    "roc_auc": {
      "lower": 0.8820770759092709,
      "upper": 0.9330144521748966
    },
    "pr_auc": {
      "lower": 0.8345230080730893,
      "upper": 0.9000689875746484
    }
  },
  "split_sizes": {
    "train": 2541,
    "validation": 544,
    "test": 545
  },
  "representative_row_ids": {
    "verdadeiro_positivo": 39,
    "verdadeiro_negativo": 2414,
    "falso_positivo": 1288,
    "falso_negativo": 552
  }
}