{
  "threshold_source": "validation_f2",
  "selected_on_validation": {
    "threshold": 22.0,
    "accuracy": 0.8713235294117647,
    "precision_dropout": 0.7894736842105263,
    "recall_dropout": 0.9154929577464789,
    "f1_dropout": 0.8478260869565217,
    "f2_dropout": 0.8871701546860783,
    "specificity": 0.8429003021148036,
    "balanced_accuracy": 0.8791966299306413,
    "roc_auc": 0.9213224969150249,
    "pr_auc": 0.8498312093005489,
    "confusion_matrix": [
      [
        279,
        52
      ],
      [
        18,
        195
      ]
    ]
  },
  "test": {
    "threshold": 22.0,
    "accuracy": 0.8513761467889909,
    "precision_dropout": 0.7796610169491526,
    "recall_dropout": 0.863849765258216,
    "f1_dropout": 0.8195991091314031,
    "f2_dropout": 0.8455882352941176,
    "specificity": 0.8433734939759037,
    "balanced_accuracy": 0.8536116296170598,
    "roc_auc": 0.9043780756830138,
    "pr_auc": 0.8374801596135775,
    "confusion_matrix": [
      [
        280,
        52
      ],
      [
        29,
        184
      ]
    ]
  },
  "bootstrap_95_ci": {
    "accuracy": {
      "lower": 0.8220183486238533,
      "upper": 0.8788990825688073
    },
    "precision_dropout": {
      "lower": 0.739614981454604,
      "upper": 0.8232563151563753
    },
    "recall_dropout": {
      "lower": 0.812206572769953,
      "upper": 0.9061032863849765
    },
    "f1_dropout": {
      "lower": 0.7829977628635347,
      "upper": 0.852017937219731
    },
    "f2_dropout": {
      "lower": 0.8029734621121176,
      "upper": 0.8815617294098306
    },
    "specificity": {
      "lower": 0.8071536144578314,
      "upper": 0.8795180722891566
    },
    "balanced_accuracy": {
      "lower": 0.8219427003789808,
      "upper": 0.8814271169183778
    },
    "roc_auc": {
      "lower": 0.8735146572204311,
      "upper": 0.9311939660048646
    },
    "pr_auc": {
      "lower": 0.7842326265124425,
      "upper": 0.8848742695927277
    }
  },
  "split_sizes": {
    "train": 2541,
    "validation": 544,
    "test": 545
  },
  "representative_row_ids": {
    "verdadeiro_positivo": 99,
    "verdadeiro_negativo": 1441,
    "falso_positivo": 66,
    "falso_negativo": 552
  }
}